{
    "input_size": 5,
    "hidden_size1": 64,
    "hidden_size2": 32,
    "hidden_size3": 16,
    "output_size": 1,
    "activation": "relu",
    "loss": "mse",
    "best_loss": 0.021047362978105222,
    "final_test_loss": 0.03740761228354836,
    "losses": [
        19.633092663871263,
        19.202843421499207,
        18.408947407381714,
        17.32616130915713,
        16.035100639168615,
        14.613667773817118,
        13.12919226390554,
        11.641665323418776,
        10.202194916153486,
        8.84642476003043,
        7.591648205260074,
        6.46047703771305,
        5.464069206063475,
        4.604597251946991,
        3.88619519599314,
        3.2897112968294318,
        2.809627004920812,
        2.420110579526529,
        2.112509329229352,
        1.871778354164429,
        1.692007950510122,
        1.5623312471349342,
        1.465650318829295,
        1.39123317099276,
        1.3305842649789217,
        1.2734131358357206,
        1.2177159922571128,
        1.1582411168889963,
        1.0942955762684468,
        1.0262194197119128,
        0.9537576588950083,
        0.878128924389087,
        0.8020593182967313,
        0.7283356241719237,
        0.6596279155675245,
        0.5988751067393074,
        0.5473452326492223,
        0.5046902445982505,
        0.46983810416339294,
        0.4406683876066221,
        0.4146977454428991,
        0.3900057955817072,
        0.36539960881633016,
        0.3405263230216377,
        0.3158977216831714,
        0.29261544180104293,
        0.271866696054421,
        0.2547402184796873,
        0.2418221883569715,
        0.23254171704131069,
        0.22538492166675,
        0.21885588982070162,
        0.21178247355729407,
        0.20387196585503395,
        0.19559030106291173,
        0.18754899681530965,
        0.18039741871892842,
        0.17449780162777803,
        0.16970540857735752,
        0.16534953830112234,
        0.160877405532003,
        0.15602673306708179,
        0.15113183526708673,
        0.14637698323447054,
        0.14208796349914635,
        0.1384951182701469,
        0.13562762735217282,
        0.13324235999897358,
        0.1310499868928007,
        0.12884632901106183,
        0.12654234360873065,
        0.12412948433935966,
        0.1216839381212885,
        0.11931314868797946,
        0.11710374714728891,
        0.11504325566956311,
        0.11306141221717408,
        0.11107109658550449,
        0.10902424387897544,
        0.10692498842860275,
        0.10481546776435433,
        0.10276120330266929,
        0.10080376365569416,
        0.09895848483305827,
        0.097217932804599,
        0.09554613125690944,
        0.09391828726287614,
        0.0923247175563046,
        0.09076965412342322,
        0.08927172111347655,
        0.08784100023232418,
        0.08648190378230458,
        0.08518946281860372,
        0.0839541633455688,
        0.08276547591522021,
        0.08160415188430135,
        0.08046362194497464,
        0.0793417340946996,
        0.07825277715560829,
        0.07720402981438493,
        0.07619602635962242,
        0.07522341742106817,
        0.0742805082198021,
        0.0733620844513843,
        0.07246303967473453,
        0.07158666542927596,
        0.0707338679643223,
        0.06990265318352183,
        0.06909594831163283,
        0.0683148406281565,
        0.06755705101686293,
        0.06681617110798607,
        0.06609100159385485,
        0.06537957493864263,
        0.06468064695940252,
        0.06399577276278846,
        0.0633280787492898,
        0.0626762444818335,
        0.06203933471666632,
        0.061416512600298415,
        0.0608053231928171,
        0.06020606911099306,
        0.05961779390805128,
        0.05903665365399708,
        0.05846666021765544,
        0.0579079291527883,
        0.05735879313202697,
        0.056821134361162894,
        0.056292375934256754,
        0.055773150246960515,
        0.05526254292177697,
        0.05476003928540605,
        0.054265475002425116,
        0.053779588094402093,
        0.05330278558924398,
        0.05283462883350578,
        0.05237495340411384,
        0.051923243267013905,
        0.0514778547512478,
        0.0510382683951884,
        0.05060296941854815,
        0.05017536293878662,
        0.0497529407855869,
        0.04933808527322553,
        0.04892737416301641,
        0.04852287782322112,
        0.04812453020080639,
        0.0477314879898381,
        0.04734583491324027,
        0.04696600556099072,
        0.04659102638449792,
        0.04622226891769362,
        0.04585949454522382,
        0.045501730173511494,
        0.045148858305943305,
        0.04480045160025807,
        0.04445613035728787,
        0.04411667540009249,
        0.04378099765732911,
        0.043450139549850185,
        0.04312372963072006,
        0.04280288059108578,
        0.04249149347609099,
        0.042184366364515495,
        0.041881342347291683,
        0.041582772021475624,
        0.04128854496270312,
        0.04099812112034749,
        0.04071203149092152,
        0.0404301826442996,
        0.04015225310834414,
        0.03987807914448952,
        0.03960785182545379,
        0.03934131173432362,
        0.03907867658507575,
        0.03881952017535418,
        0.03856384733873954,
        0.03831158246682499,
        0.038062872579849145,
        0.03781777542510283,
        0.03757611901458928,
        0.03733767679769169,
        0.03710247582980562,
        0.03687018024814144,
        0.03664024816450972,
        0.03641316290565992,
        0.036189078410750995,
        0.035968314080887256,
        0.0357502618235842,
        0.03553484962611988,
        0.03532216763359705,
        0.03511210840760301,
        0.034904679738621526,
        0.0346993483874475,
        0.03449686226676088,
        0.034296929397115525,
        0.03409909998380354,
        0.03390387659853073,
        0.033710879510385,
        0.033520197684771866,
        0.03333186295633082,
        0.033145527272856724,
        0.0329612721322569,
        0.032779067195481564,
        0.03259729769562877,
        0.032417431640570954,
        0.03223982397600345,
        0.032063867289904166,
        0.0318896653532012,
        0.031716935793054735,
        0.03154570166740466,
        0.031376010648777757,
        0.03120781593999004,
        0.031041194554245578,
        0.030876143215138624,
        0.03071290848277931,
        0.03055140385607191,
        0.030391562248896452,
        0.030233282961800077,
        0.030076392510642758,
        0.029921082400185185,
        0.02976740429235444,
        0.029615200870924303,
        0.029464451237595505,
        0.02931524961249383,
        0.029167775402448106,
        0.029021474615015933,
        0.028876421391527768,
        0.02873296017065041,
        0.028590824689194983,
        0.028449900169114518,
        0.028310117973165197,
        0.02817221418302514,
        0.028036171486274273,
        0.027901833345537582,
        0.027768878352266418,
        0.02763709814752585,
        0.02750644664513852,
        0.027376813817930203,
        0.027248248552405766,
        0.027120737212700627,
        0.026994326340801046,
        0.026869001871548264,
        0.02674399065471005,
        0.026619061852308362,
        0.026494801420035487,
        0.026371420527576912,
        0.026248952089233654,
        0.0261273545860278,
        0.026006473019025797,
        0.02588629648179288,
        0.025766954769924817,
        0.0256485416320936,
        0.02553101647135004,
        0.025414381243002042,
        0.02529875927250512,
        0.025184023986529552,
        0.025070062875617527,
        0.024956934486501298,
        0.024844560727396204,
        0.02473304735743323,
        0.024622649164699868,
        0.024513275269471505,
        0.024404667398698968,
        0.024296944690166102,
        0.024190186270916486,
        0.024084596842190095,
        0.023980033694511963,
